Product,Variety,Class,Size,Package,Unit,Closing Price,High Price,Low Price,Average Price,Total Sales,Sales Quantity,Closing Stock,Market
RASPBERRY,NO VARIETY,NOT GRADED,NO SIZE,STANDARD POCKET,1.50 kg,R0.00,R0.00,R0.00,R�,R0,0,168,Cape Town Fresh Produce Market (CAP)
RASPBERRY,NO VARIETY,NOT GRADED,NO SIZE,STANDARD POCKET,1.50 kg,R65.98,R216.00,R24.00,R65.99,R37548,569,168,Cape Town Fresh Produce Market (CAP)
RASPBERRY,NO VARIETY,NOT GRADED,NO SIZE,STANDARD POCKET,1.50 kg,R68.71,R216.00,R24.00,R68.71,R11544,168,233,Cape Town Fresh Produce Market (CAP)
RASPBERRY,NO VARIETY,NOT GRADED,NO SIZE,STANDARD POCKET,1.50 kg,R135.29,R180.00,R40.00,R135.29,R2300,17,242,Cape Town Fresh Produce Market (CAP)
RASPBERRY,NO VARIETY,NOT GRADED,NO SIZE,STANDARD POCKET,1.50 kg,R135.29,R180.00,R40.00,R135.29,R2300,17,242,Cape Town Fresh Produce Market (CAP)
RASPBERRY,NO VARIETY,NOT GRADED,NO SIZE,STANDARD POCKET,1.50 kg,R0.00,R0.00,R0.00,R�,R0,0,208,Cape Town Fresh Produce Market (CAP)
RASPBERRY,NO VARIETY,NOT GRADED,NO SIZE,STANDARD POCKET,1.50 kg,R0.00,R0.00,R0.00,R�,R0,0,208,Cape Town Fresh Produce Market (CAP)
RASPBERRY,NO VARIETY,NOT GRADED,NO SIZE,STANDARD POCKET,1.50 kg,R62.49,R180.00,R28.00,R62.50,R6312,101,208,Cape Town Fresh Produce Market (CAP)
RASPBERRY,NO VARIETY,NOT GRADED,NO SIZE,STANDARD POCKET,1.50 kg,R74.47,R180.00,R24.00,R74.47,R9756,131,213,Cape Town Fresh Produce Market (CAP)
RASPBERRY,NO VARIETY,NOT GRADED,NO SIZE,STANDARD POCKET,1.50 kg,R98.07,R144.00,R96.00,R98.07,R15888,162,248,Cape Town Fresh Produce Market (CAP)
RASPBERRY,NO VARIETY,NOT GRADED,NO SIZE,STANDARD POCKET,1.50 kg,R127.27,R180.00,R45.00,R127.27,R4200,33,410,Cape Town Fresh Produce Market (CAP)
RASPBERRY,NO VARIETY,NOT GRADED,NO SIZE,STANDARD POCKET,1.50 kg,R51.18,R180.00,R24.00,R51.18,R2508,49,265,Cape Town Fresh Produce Market (CAP)
RASPBERRY,NO VARIETY,NOT GRADED,NO SIZE,STANDARD POCKET,1.50 kg,R52.43,R180.00,R12.00,R52.43,R15468,295,192,Cape Town Fresh Produce Market (CAP)
RASPBERRY,NO VARIETY,NOT GRADED,NO SIZE,STANDARD POCKET,1.50 kg,R0.00,R0.00,R0.00,R�,R0,0,352,Cape Town Fresh Produce Market (CAP)
RASPBERRY,NO VARIETY,NOT GRADED,NO SIZE,STANDARD POCKET,1.50 kg,R0.00,R0.00,R0.00,R�,R0,0,352,Cape Town Fresh Produce Market (CAP)
RASPBERRY,NO VARIETY,NOT GRADED,NO SIZE,STANDARD POCKET,1.50 kg,R0.00,R0.00,R0.00,R�,R0,0,352,Cape Town Fresh Produce Market (CAP)
RASPBERRY,NO VARIETY,NOT GRADED,NO SIZE,STANDARD POCKET,1.50 kg,R83.94,R180.00,R72.00,R83.95,R19896,237,352,Cape Town Fresh Produce Market (CAP)
RASPBERRY,NO VARIETY,NOT GRADED,NO SIZE,STANDARD POCKET,1.50 kg,R83.94,R180.00,R72.00,R83.95,R19896,237,352,Cape Town Fresh Produce Market (CAP)
RASPBERRY,NO VARIETY,NOT GRADED,NO SIZE,STANDARD POCKET,1.50 kg,R83.94,R180.00,R72.00,R83.95,R19896,237,352,Cape Town Fresh Produce Market (CAP)
RASPBERRY,NO VARIETY,NOT GRADED,NO SIZE,STANDARD POCKET,1.50 kg,R83.94,R180.00,R72.00,R83.95,R19896,237,352,Cape Town Fresh Produce Market (CAP)
RASPBERRY,NO VARIETY,NOT GRADED,NO SIZE,STANDARD POCKET,1.50 kg,R134.05,R180.00,R120.00,R134.06,R27348,204,357,Cape Town Fresh Produce Market (CAP)
RASPBERRY,NO VARIETY,NOT GRADED,NO SIZE,STANDARD POCKET,1.50 kg,R134.05,R180.00,R120.00,R134.06,R27348,204,357,Cape Town Fresh Produce Market (CAP)
RASPBERRY,NO VARIETY,NOT GRADED,NO SIZE,STANDARD POCKET,1.50 kg,R110.00,R120.00,R60.00,R110.00,R660,6,388,Cape Town Fresh Produce Market (CAP)
RASPBERRY,NO VARIETY,NOT GRADED,NO SIZE,STANDARD POCKET,1.50 kg,R110.00,R120.00,R60.00,R110.00,R660,6,388,Cape Town Fresh Produce Market (CAP)
RASPBERRY,NO VARIETY,NOT GRADED,NO SIZE,STANDARD POCKET,1.50 kg,R139.27,R240.00,R96.00,R139.27,R9192,66,290,Cape Town Fresh Produce Market (CAP)
RASPBERRY,NO VARIETY,NOT GRADED,NO SIZE,STANDARD POCKET,1.50 kg,R54.19,R180.00,R20.00,R54.20,R13820,255,291,Cape Town Fresh Produce Market (CAP)
RASPBERRY,NO VARIETY,NOT GRADED,NO SIZE,STANDARD POCKET,1.50 kg,R54.19,R180.00,R20.00,R54.20,R13820,255,291,Cape Town Fresh Produce Market (CAP)
RASPBERRY,NO VARIETY,NOT GRADED,NO SIZE,STANDARD POCKET,1.50 kg,R54.19,R180.00,R20.00,R54.20,R13820,255,291,Cape Town Fresh Produce Market (CAP)
RASPBERRY,NO VARIETY,NOT GRADED,NO SIZE,STANDARD POCKET,1.50 kg,R54.19,R180.00,R20.00,R54.20,R13820,255,291,Cape Town Fresh Produce Market (CAP)
RASPBERRY,NO VARIETY,NOT GRADED,NO SIZE,STANDARD POCKET,1.50 kg,R64.77,R240.00,R20.00,R64.78,R6348,98,220,Cape Town Fresh Produce Market (CAP)
RASPBERRY,NO VARIETY,NOT GRADED,NO SIZE,STANDARD POCKET,1.50 kg,R64.77,R240.00,R20.00,R64.78,R6348,98,220,Cape Town Fresh Produce Market (CAP)
RASPBERRY,NO VARIETY,NOT GRADED,NO SIZE,STANDARD POCKET,1.50 kg,R64.77,R240.00,R20.00,R64.78,R6348,98,220,Cape Town Fresh Produce Market (CAP)
RASPBERRY,NO VARIETY,NOT GRADED,NO SIZE,STANDARD POCKET,1.50 kg,R64.77,R240.00,R20.00,R64.78,R6348,98,220,Cape Town Fresh Produce Market (CAP)
RASPBERRY,NO VARIETY,NOT GRADED,NO SIZE,STANDARD POCKET,1.50 kg,R64.77,R240.00,R20.00,R64.78,R6348,98,220,Cape Town Fresh Produce Market (CAP)
RASPBERRY,NO VARIETY,NOT GRADED,NO SIZE,STANDARD POCKET,1.50 kg,R0.00,R0.00,R0.00,R�,R0,0,50,Cape Town Fresh Produce Market (CAP)
RASPBERRY,NO VARIETY,NOT GRADED,NO SIZE,STANDARD POCKET,1.50 kg,R63.15,R240.00,R20.00,R63.16,R13200,209,50,Cape Town Fresh Produce Market (CAP)
RASPBERRY,NO VARIETY,NOT GRADED,NO SIZE,STANDARD POCKET,1.50 kg,R63.15,R240.00,R20.00,R63.16,R13200,209,50,Cape Town Fresh Produce Market (CAP)
RASPBERRY,NO VARIETY,NOT GRADED,NO SIZE,STANDARD POCKET,1.50 kg,R63.15,R240.00,R20.00,R63.16,R13200,209,50,Cape Town Fresh Produce Market (CAP)
RASPBERRY,NO VARIETY,NOT GRADED,NO SIZE,STANDARD POCKET,1.50 kg,R63.15,R240.00,R20.00,R63.16,R13200,209,50,Cape Town Fresh Produce Market (CAP)
RASPBERRY,NO VARIETY,NOT GRADED,NO SIZE,STANDARD POCKET,1.50 kg,R63.15,R240.00,R20.00,R63.16,R13200,209,50,Cape Town Fresh Produce Market (CAP)
RASPBERRY,NO VARIETY,NOT GRADED,NO SIZE,STANDARD POCKET,1.50 kg,R63.15,R240.00,R20.00,R63.16,R13200,209,50,Cape Town Fresh Produce Market (CAP)
RASPBERRY,NO VARIETY,NOT GRADED,NO SIZE,STANDARD POCKET,1.50 kg,R63.15,R240.00,R20.00,R63.16,R13200,209,50,Cape Town Fresh Produce Market (CAP)
RASPBERRY,NO VARIETY,NOT GRADED,NO SIZE,STANDARD POCKET,1.50 kg,R63.15,R240.00,R20.00,R63.16,R13200,209,50,Cape Town Fresh Produce Market (CAP)
RASPBERRY,NO VARIETY,NOT GRADED,NO SIZE,STANDARD POCKET,1.50 kg,R63.15,R240.00,R20.00,R63.16,R13200,209,50,Cape Town Fresh Produce Market (CAP)
RASPBERRY,NO VARIETY,NOT GRADED,NO SIZE,STANDARD POCKET,1.50 kg,R63.15,R240.00,R20.00,R63.16,R13200,209,50,Cape Town Fresh Produce Market (CAP)
RASPBERRY,NO VARIETY,NOT GRADED,NO SIZE,STANDARD POCKET,1.50 kg,R63.15,R240.00,R20.00,R63.16,R13200,209,50,Cape Town Fresh Produce Market (CAP)
RASPBERRY,NO VARIETY,NOT GRADED,NO SIZE,STANDARD POCKET,1.50 kg,R63.15,R240.00,R20.00,R63.16,R13200,209,50,Cape Town Fresh Produce Market (CAP)
RASPBERRY,NO VARIETY,NOT GRADED,NO SIZE,STANDARD POCKET,1.50 kg,R63.15,R240.00,R20.00,R63.16,R13200,209,50,Cape Town Fresh Produce Market (CAP)
RASPBERRY,NO VARIETY,NOT GRADED,NO SIZE,STANDARD POCKET,1.50 kg,R63.15,R240.00,R20.00,R63.16,R13200,209,50,Cape Town Fresh Produce Market (CAP)
RASPBERRY,NO VARIETY,NOT GRADED,NO SIZE,STANDARD POCKET,1.50 kg,R63.15,R240.00,R20.00,R63.16,R13200,209,50,Cape Town Fresh Produce Market (CAP)
RASPBERRY,NO VARIETY,NOT GRADED,NO SIZE,STANDARD POCKET,1.50 kg,R63.15,R240.00,R20.00,R63.16,R13200,209,50,Cape Town Fresh Produce Market (CAP)
RASPBERRY,NO VARIETY,NOT GRADED,NO SIZE,STANDARD POCKET,1.50 kg,R63.15,R240.00,R20.00,R63.16,R13200,209,50,Cape Town Fresh Produce Market (CAP)
RASPBERRY,NO VARIETY,NOT GRADED,NO SIZE,STANDARD POCKET,1.50 kg,R63.15,R240.00,R20.00,R63.16,R13200,209,50,Cape Town Fresh Produce Market (CAP)
RASPBERRY,NO VARIETY,NOT GRADED,NO SIZE,STANDARD POCKET,1.50 kg,R132.14,R240.00,R60.00,R132.15,R31980,242,159,Cape Town Fresh Produce Market (CAP)
RASPBERRY,NO VARIETY,NOT GRADED,NO SIZE,STANDARD POCKET,1.50 kg,R132.14,R240.00,R60.00,R132.15,R31980,242,159,Cape Town Fresh Produce Market (CAP)
RASPBERRY,NO VARIETY,NOT GRADED,NO SIZE,STANDARD POCKET,1.50 kg,R200.66,R300.00,R180.00,R200.67,R18060,90,0,Cape Town Fresh Produce Market (CAP)
RASPBERRY,NO VARIETY,NOT GRADED,NO SIZE,STANDARD POCKET,1.50 kg,R200.66,R300.00,R180.00,R200.67,R18060,90,0,Cape Town Fresh Produce Market (CAP)
RASPBERRY,NO VARIETY,NOT GRADED,NO SIZE,STANDARD POCKET,1.50 kg,R200.66,R300.00,R180.00,R200.67,R18060,90,0,Cape Town Fresh Produce Market (CAP)
RASPBERRY,NO VARIETY,NOT GRADED,NO SIZE,STANDARD POCKET,1.50 kg,R200.66,R300.00,R180.00,R200.67,R18060,90,0,Cape Town Fresh Produce Market (CAP)
RASPBERRY,NO VARIETY,NOT GRADED,NO SIZE,STANDARD POCKET,1.50 kg,R200.66,R300.00,R180.00,R200.67,R18060,90,0,Cape Town Fresh Produce Market (CAP)
RASPBERRY,NO VARIETY,NOT GRADED,NO SIZE,STANDARD POCKET,1.50 kg,R200.66,R300.00,R180.00,R200.67,R18060,90,0,Cape Town Fresh Produce Market (CAP)
RASPBERRY,NO VARIETY,NOT GRADED,NO SIZE,STANDARD POCKET,1.50 kg,R240.00,R240.00,R240.00,R240.00,R1200,5,37,Cape Town Fresh Produce Market (CAP)
RASPBERRY,NO VARIETY,NOT GRADED,NO SIZE,STANDARD POCKET,1.50 kg,R240.00,R240.00,R240.00,R240.00,R1200,5,37,Cape Town Fresh Produce Market (CAP)
RASPBERRY,NO VARIETY,NOT GRADED,NO SIZE,STANDARD POCKET,1.50 kg,R240.00,R240.00,R240.00,R240.00,R1200,5,37,Cape Town Fresh Produce Market (CAP)
RASPBERRY,NO VARIETY,NOT GRADED,NO SIZE,STANDARD POCKET,1.50 kg,R240.00,R240.00,R240.00,R240.00,R1200,5,37,Cape Town Fresh Produce Market (CAP)
RASPBERRY,NO VARIETY,NOT GRADED,NO SIZE,STANDARD POCKET,1.50 kg,R240.00,R240.00,R240.00,R240.00,R1200,5,37,Cape Town Fresh Produce Market (CAP)
RASPBERRY,NO VARIETY,NOT GRADED,NO SIZE,STANDARD POCKET,1.50 kg,R240.00,R240.00,R240.00,R240.00,R1200,5,37,Cape Town Fresh Produce Market (CAP)
RASPBERRY,NO VARIETY,NOT GRADED,NO SIZE,STANDARD POCKET,1.50 kg,R187.27,R300.00,R120.00,R187.27,R6180,33,0,Cape Town Fresh Produce Market (CAP)
RASPBERRY,NO VARIETY,NOT GRADED,NO SIZE,STANDARD POCKET,1.50 kg,R0.00,R0.00,R0.00,R�,R0,0,14,Cape Town Fresh Produce Market (CAP)
RASPBERRY,NO VARIETY,NOT GRADED,NO SIZE,STANDARD POCKET,1.50 kg,R0.00,R0.00,R0.00,R�,R0,0,14,Cape Town Fresh Produce Market (CAP)
RASPBERRY,NO VARIETY,NOT GRADED,NO SIZE,STANDARD POCKET,1.50 kg,R0.00,R0.00,R0.00,R�,R0,0,14,Cape Town Fresh Produce Market (CAP)
RASPBERRY,NO VARIETY,NOT GRADED,NO SIZE,STANDARD POCKET,1.50 kg,R144.00,R144.00,R144.00,R144.00,R5616,39,14,Cape Town Fresh Produce Market (CAP)
RASPBERRY,NO VARIETY,NOT GRADED,NO SIZE,STANDARD POCKET,1.50 kg,R144.00,R144.00,R144.00,R144.00,R5616,39,14,Cape Town Fresh Produce Market (CAP)
RASPBERRY,NO VARIETY,NOT GRADED,NO SIZE,STANDARD POCKET,1.50 kg,R83.33,R240.00,R20.00,R83.33,R9000,108,53,Cape Town Fresh Produce Market (CAP)
RASPBERRY,NO VARIETY,NOT GRADED,NO SIZE,STANDARD POCKET,1.50 kg,R0.00,R0.00,R0.00,R�,R0,0,42,Cape Town Fresh Produce Market (CAP)
RASPBERRY,NO VARIETY,NOT GRADED,NO SIZE,STANDARD POCKET,1.50 kg,R0.00,R0.00,R0.00,R�,R0,0,42,Cape Town Fresh Produce Market (CAP)
RASPBERRY,NO VARIETY,NOT GRADED,NO SIZE,STANDARD POCKET,1.50 kg,R0.00,R0.00,R0.00,R�,R0,0,42,Cape Town Fresh Produce Market (CAP)
RASPBERRY,NO VARIETY,NOT GRADED,NO SIZE,STANDARD POCKET,1.50 kg,R117.29,R240.00,R36.00,R117.30,R17008,145,42,Cape Town Fresh Produce Market (CAP)
RASPBERRY,NO VARIETY,NOT GRADED,NO SIZE,STANDARD POCKET,1.50 kg,R0.00,R0.00,R0.00,R�,R0,0,31,Cape Town Fresh Produce Market (CAP)
RASPBERRY,NO VARIETY,NOT GRADED,NO SIZE,STANDARD POCKET,1.50 kg,R0.00,R0.00,R0.00,R�,R0,0,31,Cape Town Fresh Produce Market (CAP)
RASPBERRY,NO VARIETY,NOT GRADED,NO SIZE,STANDARD POCKET,1.50 kg,R0.00,R0.00,R0.00,R�,R0,0,31,Cape Town Fresh Produce Market (CAP)
RASPBERRY,NO VARIETY,NOT GRADED,NO SIZE,STANDARD POCKET,1.50 kg,R0.00,R0.00,R0.00,R�,R0,0,31,Cape Town Fresh Produce Market (CAP)
RASPBERRY,NO VARIETY,NOT GRADED,NO SIZE,STANDARD POCKET,1.50 kg,R0.00,R0.00,R0.00,R�,R0,0,31,Cape Town Fresh Produce Market (CAP)
RASPBERRY,NO VARIETY,NOT GRADED,NO SIZE,STANDARD POCKET,1.50 kg,R117.97,R240.00,R60.00,R117.98,R10500,89,31,Cape Town Fresh Produce Market (CAP)
RASPBERRY,NO VARIETY,NOT GRADED,NO SIZE,STANDARD POCKET,1.50 kg,R117.97,R240.00,R60.00,R117.98,R10500,89,31,Cape Town Fresh Produce Market (CAP)
RASPBERRY,NO VARIETY,NOT GRADED,NO SIZE,STANDARD POCKET,1.50 kg,R117.97,R240.00,R60.00,R117.98,R10500,89,31,Cape Town Fresh Produce Market (CAP)
RASPBERRY,NO VARIETY,NOT GRADED,NO SIZE,STANDARD POCKET,1.50 kg,R-24.00,R240.00,R96.00,R-24.00,R24,-1,1,Cape Town Fresh Produce Market (CAP)
RASPBERRY,NO VARIETY,NOT GRADED,NO SIZE,STANDARD POCKET,1.50 kg,R-24.00,R240.00,R96.00,R-24.00,R24,-1,1,Cape Town Fresh Produce Market (CAP)
RASPBERRY,NO VARIETY,NOT GRADED,NO SIZE,STANDARD POCKET,1.50 kg,R-24.00,R240.00,R96.00,R-24.00,R24,-1,1,Cape Town Fresh Produce Market (CAP)
RASPBERRY,NO VARIETY,NOT GRADED,NO SIZE,STANDARD POCKET,1.50 kg,R-24.00,R240.00,R96.00,R-24.00,R24,-1,1,Cape Town Fresh Produce Market (CAP)
RASPBERRY,NO VARIETY,NOT GRADED,NO SIZE,STANDARD POCKET,1.50 kg,R-24.00,R240.00,R96.00,R-24.00,R24,-1,1,Cape Town Fresh Produce Market (CAP)
RASPBERRY,NO VARIETY,NOT GRADED,NO SIZE,STANDARD POCKET,1.50 kg,R206.50,R240.00,R144.00,R206.51,R12184,59,0,Cape Town Fresh Produce Market (CAP)
RASPBERRY,NO VARIETY,NOT GRADED,NO SIZE,STANDARD POCKET,1.50 kg,R100.09,R240.00,R60.00,R100.10,R33432,334,0,Cape Town Fresh Produce Market (CAP)
RASPBERRY,NO VARIETY,NOT GRADED,NO SIZE,STANDARD POCKET,1.50 kg,R156.56,R240.00,R60.00,R156.56,R10020,64,6,Cape Town Fresh Produce Market (CAP)
RASPBERRY,NO VARIETY,NOT GRADED,NO SIZE,STANDARD POCKET,1.50 kg,R104.19,R240.00,R60.00,R104.20,R8544,82,70,Cape Town Fresh Produce Market (CAP)
RASPBERRY,NO VARIETY,NOT GRADED,NO SIZE,PUNNET,1.00 kg,R0.00,R0.00,R0.00,R�,R0,0,39,Durban Fresh Produce Market (DUR)
RASPBERRY,NO VARIETY,NOT GRADED,NO SIZE,PUNNET,1.00 kg,R0.00,R0.00,R0.00,R�,R0,0,41,Durban Fresh Produce Market (DUR)
RASPBERRY,NO VARIETY,NOT GRADED,NO SIZE,PUNNET,1.00 kg,R80.00,R80.00,R80.00,R80.00,R320,4,44,Durban Fresh Produce Market (DUR)
RASPBERRY,NO VARIETY,NOT GRADED,NO SIZE,PUNNET,1.00 kg,R0.00,R0.00,R0.00,R�,R0,0,48,Durban Fresh Produce Market (DUR)
RASPBERRY,NO VARIETY,NOT GRADED,NO SIZE,PUNNET,1.00 kg,R0.00,R0.00,R0.00,R�,R0,0,48,Durban Fresh Produce Market (DUR)
RASPBERRY,NO VARIETY,NOT GRADED,NO SIZE,PUNNET,1.00 kg,R80.00,R80.00,R80.00,R80.00,R160,2,54,Durban Fresh Produce Market (DUR)
RASPBERRY,NO VARIETY,NOT GRADED,NO SIZE,PUNNET,1.00 kg,R80.00,R80.00,R80.00,R80.00,R160,2,54,Durban Fresh Produce Market (DUR)
RASPBERRY,NO VARIETY,NOT GRADED,NO SIZE,PUNNET,1.00 kg,R80.00,R80.00,R80.00,R80.00,R160,2,54,Durban Fresh Produce Market (DUR)
RASPBERRY,NO VARIETY,NOT GRADED,NO SIZE,PUNNET,1.00 kg,R80.00,R80.00,R80.00,R80.00,R160,2,54,Durban Fresh Produce Market (DUR)
RASPBERRY,NO VARIETY,NOT GRADED,NO SIZE,PUNNET,1.00 kg,R0.00,R0.00,R0.00,R�,R0,0,56,Durban Fresh Produce Market (DUR)
RASPBERRY,NO VARIETY,NOT GRADED,NO SIZE,PUNNET,1.00 kg,R80.00,R80.00,R80.00,R80.00,R80,1,56,Durban Fresh Produce Market (DUR)
RASPBERRY,NO VARIETY,NOT GRADED,NO SIZE,PUNNET,1.00 kg,R80.00,R80.00,R80.00,R80.00,R80,1,59,Durban Fresh Produce Market (DUR)
RASPBERRY,NO VARIETY,NOT GRADED,NO SIZE,PUNNET,1.00 kg,R0.00,R0.00,R0.00,R�,R0,0,60,Durban Fresh Produce Market (DUR)
RASPBERRY,NO VARIETY,NOT GRADED,NO SIZE,PUNNET,1.00 kg,R77.50,R80.00,R75.00,R77.50,R155,2,60,Durban Fresh Produce Market (DUR)
RASPBERRY,NO VARIETY,NOT GRADED,NO SIZE,PUNNET,1.00 kg,R75.00,R75.00,R75.00,R75.00,R150,2,64,Durban Fresh Produce Market (DUR)
RASPBERRY,NO VARIETY,NOT GRADED,NO SIZE,PUNNET,1.00 kg,R0.00,R0.00,R0.00,R�,R0,0,66,Durban Fresh Produce Market (DUR)
RASPBERRY,NO VARIETY,NOT GRADED,NO SIZE,PUNNET,1.00 kg,R0.00,R0.00,R0.00,R�,R0,0,66,Durban Fresh Produce Market (DUR)
RASPBERRY,NO VARIETY,NOT GRADED,NO SIZE,PUNNET,1.00 kg,R0.00,R0.00,R0.00,R�,R0,0,66,Durban Fresh Produce Market (DUR)
RASPBERRY,NO VARIETY,NOT GRADED,NO SIZE,PUNNET,1.00 kg,R0.00,R0.00,R0.00,R�,R0,0,66,Durban Fresh Produce Market (DUR)
RASPBERRY,NO VARIETY,NOT GRADED,NO SIZE,PUNNET,1.00 kg,R0.00,R0.00,R0.00,R�,R0,0,66,Durban Fresh Produce Market (DUR)
RASPBERRY,NO VARIETY,NOT GRADED,NO SIZE,PUNNET,1.00 kg,R0.00,R0.00,R0.00,R�,R0,0,66,Durban Fresh Produce Market (DUR)
RASPBERRY,NO VARIETY,NOT GRADED,NO SIZE,PUNNET,1.00 kg,R0.00,R0.00,R0.00,R�,R0,0,66,Durban Fresh Produce Market (DUR)
RASPBERRY,NO VARIETY,NOT GRADED,NO SIZE,PUNNET,1.00 kg,R75.00,R75.00,R75.00,R75.00,R150,2,66,Durban Fresh Produce Market (DUR)
RASPBERRY,NO VARIETY,NOT GRADED,NO SIZE,PUNNET,1.00 kg,R75.00,R75.00,R75.00,R75.00,R150,2,66,Durban Fresh Produce Market (DUR)
RASPBERRY,NO VARIETY,NOT GRADED,NO SIZE,PUNNET,1.00 kg,R0.00,R0.00,R0.00,R�,R0,0,68,Durban Fresh Produce Market (DUR)
RASPBERRY,NO VARIETY,NOT GRADED,NO SIZE,PUNNET,1.00 kg,R0.00,R0.00,R0.00,R�,R0,0,68,Durban Fresh Produce Market (DUR)
RASPBERRY,NO VARIETY,NOT GRADED,NO SIZE,PUNNET,1.00 kg,R75.00,R75.00,R75.00,R75.00,R225,3,68,Durban Fresh Produce Market (DUR)
RASPBERRY,NO VARIETY,NOT GRADED,NO SIZE,PUNNET,1.00 kg,R0.00,R0.00,R0.00,R�,R0,0,71,Durban Fresh Produce Market (DUR)
RASPBERRY,NO VARIETY,NOT GRADED,NO SIZE,PUNNET,1.00 kg,R0.00,R0.00,R0.00,R�,R0,0,71,Durban Fresh Produce Market (DUR)
RASPBERRY,NO VARIETY,NOT GRADED,NO SIZE,PUNNET,1.00 kg,R75.00,R75.00,R75.00,R75.00,R75,1,72,Durban Fresh Produce Market (DUR)
RASPBERRY,NO VARIETY,NOT GRADED,NO SIZE,PUNNET,1.00 kg,R75.00,R75.00,R75.00,R75.00,R75,1,72,Durban Fresh Produce Market (DUR)
RASPBERRY,NO VARIETY,NOT GRADED,NO SIZE,PUNNET,1.00 kg,R75.00,R75.00,R75.00,R75.00,R75,1,72,Durban Fresh Produce Market (DUR)
RASPBERRY,NO VARIETY,NOT GRADED,NO SIZE,PUNNET,1.00 kg,R75.00,R75.00,R75.00,R75.00,R75,1,72,Durban Fresh Produce Market (DUR)
RASPBERRY,NO VARIETY,NOT GRADED,NO SIZE,PUNNET,1.00 kg,R75.00,R75.00,R75.00,R75.00,R75,1,72,Durban Fresh Produce Market (DUR)
RASPBERRY,NO VARIETY,NOT GRADED,NO SIZE,PUNNET,1.00 kg,R0.00,R0.00,R0.00,R�,R0,0,73,Durban Fresh Produce Market (DUR)
RASPBERRY,NO VARIETY,NOT GRADED,NO SIZE,PUNNET,1.00 kg,R0.00,R0.00,R0.00,R�,R0,0,73,Durban Fresh Produce Market (DUR)
RASPBERRY,NO VARIETY,NOT GRADED,NO SIZE,PUNNET,1.00 kg,R0.00,R0.00,R0.00,R�,R0,0,73,Durban Fresh Produce Market (DUR)
RASPBERRY,NO VARIETY,NOT GRADED,NO SIZE,PUNNET,1.00 kg,R0.00,R0.00,R0.00,R�,R0,0,73,Durban Fresh Produce Market (DUR)
RASPBERRY,NO VARIETY,NOT GRADED,NO SIZE,PUNNET,1.00 kg,R0.00,R0.00,R0.00,R�,R0,0,73,Durban Fresh Produce Market (DUR)
RASPBERRY,NO VARIETY,NOT GRADED,NO SIZE,PUNNET,1.00 kg,R0.00,R0.00,R0.00,R�,R0,0,73,Durban Fresh Produce Market (DUR)
RASPBERRY,NO VARIETY,NOT GRADED,NO SIZE,PUNNET,1.00 kg,R0.00,R0.00,R0.00,R�,R0,0,73,Durban Fresh Produce Market (DUR)
RASPBERRY,NO VARIETY,NOT GRADED,NO SIZE,PUNNET,1.00 kg,R0.00,R0.00,R0.00,R�,R0,0,73,Durban Fresh Produce Market (DUR)
RASPBERRY,NO VARIETY,NOT GRADED,NO SIZE,PUNNET,1.00 kg,R0.00,R0.00,R0.00,R�,R0,0,73,Durban Fresh Produce Market (DUR)
RASPBERRY,NO VARIETY,NOT GRADED,NO SIZE,PUNNET,1.00 kg,R0.00,R0.00,R0.00,R�,R0,0,73,Durban Fresh Produce Market (DUR)
RASPBERRY,NO VARIETY,NOT GRADED,NO SIZE,PUNNET,1.00 kg,R0.00,R0.00,R0.00,R�,R0,0,73,Durban Fresh Produce Market (DUR)
RASPBERRY,NO VARIETY,NOT GRADED,NO SIZE,PUNNET,1.00 kg,R0.00,R0.00,R0.00,R�,R0,0,73,Durban Fresh Produce Market (DUR)
RASPBERRY,NO VARIETY,NOT GRADED,NO SIZE,PUNNET,1.00 kg,R0.00,R0.00,R0.00,R�,R0,0,73,Durban Fresh Produce Market (DUR)
RASPBERRY,NO VARIETY,NOT GRADED,NO SIZE,PUNNET,1.00 kg,R0.00,R0.00,R0.00,R�,R0,0,73,Durban Fresh Produce Market (DUR)
RASPBERRY,NO VARIETY,NOT GRADED,NO SIZE,PUNNET,1.00 kg,R0.00,R0.00,R0.00,R�,R0,0,73,Durban Fresh Produce Market (DUR)
RASPBERRY,NO VARIETY,NOT GRADED,NO SIZE,PUNNET,1.00 kg,R0.00,R0.00,R0.00,R�,R0,0,73,Durban Fresh Produce Market (DUR)
RASPBERRY,NO VARIETY,NOT GRADED,NO SIZE,PUNNET,1.00 kg,R0.00,R0.00,R0.00,R�,R0,0,73,Durban Fresh Produce Market (DUR)
RASPBERRY,NO VARIETY,NOT GRADED,NO SIZE,PUNNET,1.00 kg,R0.00,R0.00,R0.00,R�,R0,0,73,Durban Fresh Produce Market (DUR)
RASPBERRY,NO VARIETY,NOT GRADED,NO SIZE,PUNNET,1.00 kg,R0.00,R0.00,R0.00,R�,R0,0,73,Durban Fresh Produce Market (DUR)
RASPBERRY,NO VARIETY,NOT GRADED,NO SIZE,PUNNET,1.00 kg,R0.00,R0.00,R0.00,R�,R0,0,73,Durban Fresh Produce Market (DUR)
RASPBERRY,NO VARIETY,NOT GRADED,NO SIZE,PUNNET,1.00 kg,R0.00,R0.00,R0.00,R�,R0,0,73,Durban Fresh Produce Market (DUR)
RASPBERRY,NO VARIETY,NOT GRADED,NO SIZE,PUNNET,1.00 kg,R0.00,R0.00,R0.00,R�,R0,0,73,Durban Fresh Produce Market (DUR)
RASPBERRY,NO VARIETY,NOT GRADED,NO SIZE,PUNNET,1.00 kg,R0.00,R0.00,R0.00,R�,R0,0,73,Durban Fresh Produce Market (DUR)
RASPBERRY,NO VARIETY,NOT GRADED,NO SIZE,PUNNET,1.00 kg,R0.00,R0.00,R0.00,R�,R0,0,73,Durban Fresh Produce Market (DUR)
RASPBERRY,NO VARIETY,NOT GRADED,NO SIZE,PUNNET,1.00 kg,R0.00,R0.00,R0.00,R�,R0,0,73,Durban Fresh Produce Market (DUR)
RASPBERRY,NO VARIETY,NOT GRADED,NO SIZE,PUNNET,1.00 kg,R0.00,R0.00,R0.00,R�,R0,0,73,Durban Fresh Produce Market (DUR)
RASPBERRY,NO VARIETY,NOT GRADED,NO SIZE,PUNNET,1.00 kg,R0.00,R0.00,R0.00,R�,R0,0,73,Durban Fresh Produce Market (DUR)
RASPBERRY,NO VARIETY,NOT GRADED,NO SIZE,PUNNET,1.00 kg,R0.00,R0.00,R0.00,R�,R0,0,73,Durban Fresh Produce Market (DUR)
RASPBERRY,NO VARIETY,NOT GRADED,NO SIZE,PUNNET,1.00 kg,R0.00,R0.00,R0.00,R�,R0,0,73,Durban Fresh Produce Market (DUR)
RASPBERRY,NO VARIETY,NOT GRADED,NO SIZE,PUNNET,1.00 kg,R0.00,R0.00,R0.00,R�,R0,0,73,Durban Fresh Produce Market (DUR)
RASPBERRY,NO VARIETY,NOT GRADED,NO SIZE,PUNNET,1.00 kg,R0.00,R0.00,R0.00,R�,R0,0,73,Durban Fresh Produce Market (DUR)
RASPBERRY,NO VARIETY,NOT GRADED,NO SIZE,PUNNET,1.00 kg,R0.00,R0.00,R0.00,R�,R0,0,82,Durban Fresh Produce Market (DUR)
RASPBERRY,NO VARIETY,NOT GRADED,NO SIZE,PUNNET,1.00 kg,R0.00,R0.00,R0.00,R�,R0,0,82,Durban Fresh Produce Market (DUR)
RASPBERRY,NO VARIETY,NOT GRADED,NO SIZE,STANDARD TRAY,4.00 kg,R300.00,R300.00,R300.00,R300.00,R2100,7,0,Durban Fresh Produce Market (DUR)
RASPBERRY,NO VARIETY,NOT GRADED,NO SIZE,STANDARD TRAY,4.00 kg,R300.00,R300.00,R300.00,R300.00,R2100,7,0,Durban Fresh Produce Market (DUR)
RASPBERRY,NO VARIETY,NOT GRADED,NO SIZE,PUNNET,1.00 kg,R0.00,R0.00,R0.00,R�,R0,0,82,Durban Fresh Produce Market (DUR)
RASPBERRY,NO VARIETY,NOT GRADED,NO SIZE,PUNNET,1.00 kg,R0.00,R0.00,R0.00,R�,R0,0,82,Durban Fresh Produce Market (DUR)
RASPBERRY,NO VARIETY,NOT GRADED,NO SIZE,PUNNET,1.00 kg,R0.00,R0.00,R0.00,R�,R0,0,82,Durban Fresh Produce Market (DUR)
RASPBERRY,NO VARIETY,NOT GRADED,NO SIZE,PUNNET,1.00 kg,R75.00,R75.00,R75.00,R75.00,R225,3,83,Durban Fresh Produce Market (DUR)
RASPBERRY,NO VARIETY,NOT GRADED,NO SIZE,PUNNET,1.00 kg,R0.00,R0.00,R0.00,R�,R0,0,86,Durban Fresh Produce Market (DUR)
RASPBERRY,NO VARIETY,NOT GRADED,NO SIZE,PUNNET,1.00 kg,R0.00,R0.00,R0.00,R�,R0,0,86,Durban Fresh Produce Market (DUR)
RASPBERRY,NO VARIETY,NOT GRADED,NO SIZE,STANDARD TRAY,4.00 kg,R300.00,R300.00,R300.00,R300.00,R3900,13,0,Durban Fresh Produce Market (DUR)
RASPBERRY,NO VARIETY,NOT GRADED,NO SIZE,PUNNET,1.00 kg,R75.00,R75.00,R75.00,R75.00,R225,3,86,Durban Fresh Produce Market (DUR)
RASPBERRY,NO VARIETY,NOT GRADED,NO SIZE,PUNNET,1.00 kg,R0.00,R0.00,R0.00,R�,R0,0,89,Durban Fresh Produce Market (DUR)
RASPBERRY,NO VARIETY,NOT GRADED,NO SIZE,PUNNET,1.00 kg,R0.00,R0.00,R0.00,R�,R0,0,89,Durban Fresh Produce Market (DUR)
RASPBERRY,NO VARIETY,NOT GRADED,NO SIZE,STANDARD TRAY,4.00 kg,R300.00,R300.00,R300.00,R300.00,R3900,13,3,Durban Fresh Produce Market (DUR)
RASPBERRY,NO VARIETY,NOT GRADED,NO SIZE,STANDARD TRAY,4.00 kg,R300.00,R300.00,R300.00,R300.00,R3900,13,3,Durban Fresh Produce Market (DUR)
RASPBERRY,NO VARIETY,NOT GRADED,NO SIZE,PUNNET,1.00 kg,R0.00,R0.00,R0.00,R�,R0,0,89,Durban Fresh Produce Market (DUR)
RASPBERRY,NO VARIETY,NOT GRADED,NO SIZE,STANDARD TRAY,4.00 kg,R300.00,R300.00,R300.00,R300.00,R6600,22,4,Durban Fresh Produce Market (DUR)
RASPBERRY,NO VARIETY,NOT GRADED,NO SIZE,PUNNET,1.00 kg,R75.00,R75.00,R75.00,R75.00,R75,1,90,Durban Fresh Produce Market (DUR)
RASPBERRY,NO VARIETY,NOT GRADED,NO SIZE,PUNNET,1.00 kg,R0.00,R0.00,R0.00,R�,R0,0,93,Durban Fresh Produce Market (DUR)
RASPBERRY,NO VARIETY,NOT GRADED,NO SIZE,PUNNET,1.00 kg,R0.00,R0.00,R0.00,R�,R0,0,93,Durban Fresh Produce Market (DUR)
RASPBERRY,NO VARIETY,NOT GRADED,NO SIZE,PUNNET,1.00 kg,R0.00,R0.00,R0.00,R�,R0,0,93,Durban Fresh Produce Market (DUR)
RASPBERRY,NO VARIETY,NOT GRADED,NO SIZE,PUNNET,1.00 kg,R0.00,R0.00,R0.00,R�,R0,0,93,Durban Fresh Produce Market (DUR)
RASPBERRY,NO VARIETY,NOT GRADED,NO SIZE,PUNNET,1.00 kg,R0.00,R0.00,R0.00,R�,R0,0,93,Durban Fresh Produce Market (DUR)
RASPBERRY,NO VARIETY,NOT GRADED,NO SIZE,STANDARD TRAY,4.00 kg,R300.00,R300.00,R300.00,R300.00,R3600,12,0,Durban Fresh Produce Market (DUR)
RASPBERRY,NO VARIETY,NOT GRADED,NO SIZE,STANDARD TRAY,4.00 kg,R300.00,R300.00,R300.00,R300.00,R3600,12,0,Durban Fresh Produce Market (DUR)
RASPBERRY,NO VARIETY,NOT GRADED,NO SIZE,STANDARD TRAY,4.00 kg,R300.00,R300.00,R300.00,R300.00,R3600,12,0,Durban Fresh Produce Market (DUR)
RASPBERRY,NO VARIETY,NOT GRADED,NO SIZE,STANDARD TRAY,4.00 kg,R300.00,R300.00,R300.00,R300.00,R3600,12,0,Durban Fresh Produce Market (DUR)
RASPBERRY,NO VARIETY,NOT GRADED,NO SIZE,STANDARD TRAY,4.00 kg,R300.00,R300.00,R300.00,R300.00,R3600,12,0,Durban Fresh Produce Market (DUR)
RASPBERRY,NO VARIETY,NOT GRADED,NO SIZE,PUNNET,1.00 kg,R0.00,R0.00,R0.00,R�,R0,0,33,Durban Fresh Produce Market (DUR)
RASPBERRY,NO VARIETY,NOT GRADED,NO SIZE,PUNNET,1.00 kg,R0.00,R0.00,R0.00,R�,R0,0,33,Durban Fresh Produce Market (DUR)
RASPBERRY,NO VARIETY,NOT GRADED,NO SIZE,PUNNET,1.00 kg,R0.00,R0.00,R0.00,R�,R0,0,33,Durban Fresh Produce Market (DUR)
RASPBERRY,NO VARIETY,NOT GRADED,NO SIZE,PUNNET,1.00 kg,R0.00,R0.00,R0.00,R�,R0,0,33,Durban Fresh Produce Market (DUR)
RASPBERRY,NO VARIETY,NOT GRADED,NO SIZE,STANDARD TRAY,4.00 kg,R300.00,R300.00,R300.00,R300.00,R2100,7,0,Durban Fresh Produce Market (DUR)
RASPBERRY,NO VARIETY,NOT GRADED,NO SIZE,STANDARD TRAY,4.00 kg,R300.00,R300.00,R300.00,R300.00,R2100,7,0,Durban Fresh Produce Market (DUR)
RASPBERRY,NO VARIETY,NOT GRADED,NO SIZE,STANDARD TRAY,4.00 kg,R300.00,R300.00,R300.00,R300.00,R2100,7,0,Durban Fresh Produce Market (DUR)
RASPBERRY,NO VARIETY,NOT GRADED,NO SIZE,PUNNET,1.00 kg,R0.00,R0.00,R0.00,R�,R0,0,33,Durban Fresh Produce Market (DUR)
RASPBERRY,NO VARIETY,NOT GRADED,NO SIZE,STANDARD TRAY,4.00 kg,R300.00,R300.00,R300.00,R300.00,R3000,10,0,Durban Fresh Produce Market (DUR)
RASPBERRY,NO VARIETY,NOT GRADED,NO SIZE,PUNNET,1.00 kg,R75.00,R75.00,R75.00,R75.00,R150,2,37,Durban Fresh Produce Market (DUR)
RASPBERRY,NO VARIETY,NOT GRADED,NO SIZE,STANDARD TRAY,4.00 kg,R300.00,R300.00,R300.00,R300.00,R1500,5,0,Durban Fresh Produce Market (DUR)
RASPBERRY,NO VARIETY,NOT GRADED,NO SIZE,PUNNET,1.00 kg,R75.00,R75.00,R75.00,R75.00,R300,4,39,Durban Fresh Produce Market (DUR)
RASPBERRY,NO VARIETY,NOT GRADED,NO SIZE,PUNNET,1.00 kg,R0.00,R0.00,R0.00,R�,R0,0,43,Durban Fresh Produce Market (DUR)
RASPBERRY,NO VARIETY,NOT GRADED,NO SIZE,PUNNET,0.20 kg,R300.00,R0.00,R0.00,R300.00,R13200,44,0,Johannesburg Fresh Produce Market (JOH)
RASPBERRY,NO VARIETY,NOT GRADED,NO SIZE,PUNNET,0.20 kg,R300.00,R0.00,R0.00,R300.00,R13200,44,0,Johannesburg Fresh Produce Market (JOH)
RASPBERRY,NO VARIETY,NOT GRADED,NO SIZE,PUNNET,0.20 kg,R120.00,R0.00,R0.00,R120.00,R1800,15,0,Johannesburg Fresh Produce Market (JOH)
RASPBERRY,NO VARIETY,NOT GRADED,NO SIZE,PUNNET,0.20 kg,R0.00,R0.00,R0.00,R�,R0,0,15,Johannesburg Fresh Produce Market (JOH)
RASPBERRY,NO VARIETY,NOT GRADED,NO SIZE,PUNNET,0.20 kg,R0.00,R0.00,R0.00,R�,R0,0,15,Johannesburg Fresh Produce Market (JOH)
RASPBERRY,NO VARIETY,NOT GRADED,NO SIZE,PUNNET,0.20 kg,R225.76,R0.00,R0.00,R225.76,R26640,118,15,Johannesburg Fresh Produce Market (JOH)
RASPBERRY,NO VARIETY,NOT GRADED,NO SIZE,PUNNET,0.20 kg,R240.00,R0.00,R0.00,R240.00,R960,4,25,Johannesburg Fresh Produce Market (JOH)
RASPBERRY,NO VARIETY,NOT GRADED,NO SIZE,PUNNET,0.20 kg,R152.85,R0.00,R0.00,R152.86,R1070,7,15,Johannesburg Fresh Produce Market (JOH)
RASPBERRY,NO VARIETY,NOT GRADED,NO SIZE,PUNNET,0.20 kg,R152.85,R0.00,R0.00,R152.86,R1070,7,15,Johannesburg Fresh Produce Market (JOH)
RASPBERRY,NO VARIETY,NOT GRADED,NO SIZE,PUNNET,0.20 kg,R240.00,R0.00,R0.00,R240.00,R480,2,15,Johannesburg Fresh Produce Market (JOH)
RASPBERRY,NO VARIETY,NOT GRADED,NO SIZE,PUNNET,0.20 kg,R214.84,R0.00,R0.00,R214.85,R27930,130,17,Johannesburg Fresh Produce Market (JOH)
RASPBERRY,NO VARIETY,NOT GRADED,NO SIZE,PUNNET,0.20 kg,R214.84,R0.00,R0.00,R214.85,R27930,130,17,Johannesburg Fresh Produce Market (JOH)
RASPBERRY,NO VARIETY,NOT GRADED,NO SIZE,PUNNET,0.20 kg,R34.74,R0.00,R0.00,R34.74,R660,19,15,Johannesburg Fresh Produce Market (JOH)
RASPBERRY,NO VARIETY,NOT GRADED,NO SIZE,PUNNET,0.20 kg,R34.74,R0.00,R0.00,R34.74,R660,19,15,Johannesburg Fresh Produce Market (JOH)
RASPBERRY,NO VARIETY,NOT GRADED,NO SIZE,PUNNET,0.20 kg,R34.74,R0.00,R0.00,R34.74,R660,19,15,Johannesburg Fresh Produce Market (JOH)
RASPBERRY,NO VARIETY,NOT GRADED,NO SIZE,PUNNET,0.20 kg,R78.00,R0.00,R0.00,R78.00,R780,10,34,Johannesburg Fresh Produce Market (JOH)
RASPBERRY,NO VARIETY,NOT GRADED,NO SIZE,PUNNET,0.20 kg,R78.00,R0.00,R0.00,R78.00,R780,10,34,Johannesburg Fresh Produce Market (JOH)
RASPBERRY,NO VARIETY,NOT GRADED,NO SIZE,PUNNET,0.20 kg,R78.00,R0.00,R0.00,R78.00,R780,10,34,Johannesburg Fresh Produce Market (JOH)
RASPBERRY,NO VARIETY,NOT GRADED,NO SIZE,PUNNET,0.20 kg,R78.00,R0.00,R0.00,R78.00,R780,10,34,Johannesburg Fresh Produce Market (JOH)
RASPBERRY,NO VARIETY,NOT GRADED,NO SIZE,PUNNET,0.20 kg,R78.00,R0.00,R0.00,R78.00,R780,10,34,Johannesburg Fresh Produce Market (JOH)
RASPBERRY,NO VARIETY,NOT GRADED,NO SIZE,PUNNET,0.20 kg,R225.29,R0.00,R0.00,R225.29,R18924,84,39,Johannesburg Fresh Produce Market (JOH)
RASPBERRY,NO VARIETY,NOT GRADED,NO SIZE,PUNNET,0.20 kg,R225.29,R0.00,R0.00,R225.29,R18924,84,39,Johannesburg Fresh Produce Market (JOH)
RASPBERRY,NO VARIETY,NOT GRADED,NO SIZE,PUNNET,0.20 kg,R225.29,R0.00,R0.00,R225.29,R18924,84,39,Johannesburg Fresh Produce Market (JOH)
RASPBERRY,NO VARIETY,NOT GRADED,NO SIZE,PUNNET,0.20 kg,R216.00,R0.00,R0.00,R216.00,R216,1,24,Johannesburg Fresh Produce Market (JOH)
RASPBERRY,NO VARIETY,NOT GRADED,NO SIZE,PUNNET,0.20 kg,R202.09,R0.00,R0.00,R202.09,R18996,94,53,Johannesburg Fresh Produce Market (JOH)
RASPBERRY,NO VARIETY,NOT GRADED,NO SIZE,PUNNET,0.20 kg,R240.00,R0.00,R0.00,R240.00,R17520,73,147,Johannesburg Fresh Produce Market (JOH)
RASPBERRY,NO VARIETY,NOT GRADED,NO SIZE,PUNNET,0.20 kg,R202.57,R0.00,R0.00,R202.57,R32209,159,23,Johannesburg Fresh Produce Market (JOH)
RASPBERRY,NO VARIETY,NOT GRADED,NO SIZE,PUNNET,0.20 kg,R0.00,R0.00,R0.00,R�,R0,0,28,Pietermaritzburg Fresh Produce Market (PIE)
RASPBERRY,NO VARIETY,NOT GRADED,NO SIZE,PUNNET,0.20 kg,R0.00,R0.00,R0.00,R�,R0,0,28,Pietermaritzburg Fresh Produce Market (PIE)
RASPBERRY,NO VARIETY,NOT GRADED,NO SIZE,PUNNET,0.20 kg,R0.00,R0.00,R0.00,R�,R0,0,28,Pietermaritzburg Fresh Produce Market (PIE)
RASPBERRY,NO VARIETY,NOT GRADED,NO SIZE,PUNNET,0.20 kg,R23.75,R25.00,R20.00,R23.75,R760,32,28,Pietermaritzburg Fresh Produce Market (PIE)
RASPBERRY,NO VARIETY,NOT GRADED,NO SIZE,PUNNET,0.20 kg,R23.75,R25.00,R20.00,R23.75,R760,32,28,Pietermaritzburg Fresh Produce Market (PIE)
RASPBERRY,NO VARIETY,NOT GRADED,NO SIZE,PUNNET,0.20 kg,R23.75,R25.00,R20.00,R23.75,R760,32,28,Pietermaritzburg Fresh Produce Market (PIE)
RASPBERRY,NO VARIETY,NOT GRADED,NO SIZE,PUNNET,0.20 kg,R22.50,R25.00,R20.00,R22.50,R900,40,60,Pietermaritzburg Fresh Produce Market (PIE)
RASPBERRY,NO VARIETY,NOT GRADED,NO SIZE,PUNNET,0.20 kg,R22.50,R25.00,R20.00,R22.50,R900,40,60,Pietermaritzburg Fresh Produce Market (PIE)
RASPBERRY,NO VARIETY,NOT GRADED,NO SIZE,PUNNET,0.20 kg,R22.50,R25.00,R20.00,R22.50,R900,40,60,Pietermaritzburg Fresh Produce Market (PIE)
RASPBERRY,NO VARIETY,NOT GRADED,NO SIZE,PUNNET,0.20 kg,R22.50,R25.00,R20.00,R22.50,R900,40,60,Pietermaritzburg Fresh Produce Market (PIE)
RASPBERRY,NO VARIETY,NOT GRADED,NO SIZE,PUNNET,0.20 kg,R22.50,R25.00,R20.00,R22.50,R900,40,60,Pietermaritzburg Fresh Produce Market (PIE)
RASPBERRY,NO VARIETY,NOT GRADED,NO SIZE,PUNNET,0.20 kg,R5.00,R5.00,R5.00,R5.00,R200,40,0,Pietermaritzburg Fresh Produce Market (PIE)
RASPBERRY,NO VARIETY,NOT GRADED,NO SIZE,PUNNET,0.20 kg,R0.00,R0.00,R0.00,R�,R0,0,40,Pietermaritzburg Fresh Produce Market (PIE)
RASPBERRY,NO VARIETY,NOT GRADED,NO SIZE,DOUBBLE LAYER TRAY,7.00 kg,R0.00,R0.00,R0.00,R�,R0,0,3,Tshwane Fresh Produce Market (PRE)
RASPBERRY,NO VARIETY,NOT GRADED,NO SIZE,DOUBBLE LAYER TRAY,7.00 kg,R0.00,R0.00,R0.00,R�,R0,0,3,Tshwane Fresh Produce Market (PRE)
RASPBERRY,NO VARIETY,NOT GRADED,NO SIZE,DOUBBLE LAYER TRAY,7.00 kg,R0.00,R0.00,R0.00,R�,R0,0,3,Tshwane Fresh Produce Market (PRE)
RASPBERRY,NO VARIETY,NOT GRADED,NO SIZE,DOUBBLE LAYER TRAY,7.00 kg,R0.00,R0.00,R0.00,R�,R0,0,3,Tshwane Fresh Produce Market (PRE)
RASPBERRY,NO VARIETY,NOT GRADED,NO SIZE,DOUBBLE LAYER TRAY,7.00 kg,R0.00,R0.00,R0.00,R�,R0,0,3,Tshwane Fresh Produce Market (PRE)
RASPBERRY,NO VARIETY,NOT GRADED,NO SIZE,DOUBBLE LAYER TRAY,7.00 kg,R0.00,R0.00,R0.00,R�,R0,0,3,Tshwane Fresh Produce Market (PRE)
RASPBERRY,NO VARIETY,NOT GRADED,NO SIZE,DOUBBLE LAYER TRAY,7.00 kg,R0.00,R0.00,R0.00,R�,R0,0,3,Tshwane Fresh Produce Market (PRE)
RASPBERRY,NO VARIETY,NOT GRADED,NO SIZE,DOUBBLE LAYER TRAY,7.00 kg,R0.00,R0.00,R0.00,R�,R0,0,3,Tshwane Fresh Produce Market (PRE)
RASPBERRY,NO VARIETY,NOT GRADED,NO SIZE,DOUBBLE LAYER TRAY,7.00 kg,R0.00,R0.00,R0.00,R�,R0,0,3,Tshwane Fresh Produce Market (PRE)
RASPBERRY,NO VARIETY,NOT GRADED,NO SIZE,DOUBBLE LAYER TRAY,7.00 kg,R0.00,R0.00,R0.00,R�,R0,0,3,Tshwane Fresh Produce Market (PRE)
RASPBERRY,NO VARIETY,NOT GRADED,NO SIZE,DOUBBLE LAYER TRAY,7.00 kg,R0.00,R0.00,R0.00,R�,R0,0,3,Tshwane Fresh Produce Market (PRE)
RASPBERRY,NO VARIETY,NOT GRADED,NO SIZE,DOUBBLE LAYER TRAY,7.00 kg,R0.00,R0.00,R0.00,R�,R0,0,3,Tshwane Fresh Produce Market (PRE)
RASPBERRY,NO VARIETY,NOT GRADED,NO SIZE,DOUBBLE LAYER TRAY,7.00 kg,R0.00,R0.00,R0.00,R�,R0,0,3,Tshwane Fresh Produce Market (PRE)
RASPBERRY,NO VARIETY,NOT GRADED,NO SIZE,DOUBBLE LAYER TRAY,7.00 kg,R0.00,R0.00,R0.00,R�,R0,0,3,Tshwane Fresh Produce Market (PRE)
RASPBERRY,NO VARIETY,NOT GRADED,NO SIZE,DOUBBLE LAYER TRAY,7.00 kg,R0.00,R0.00,R0.00,R�,R0,0,3,Tshwane Fresh Produce Market (PRE)
RASPBERRY,NO VARIETY,NOT GRADED,NO SIZE,DOUBBLE LAYER TRAY,7.00 kg,R0.00,R0.00,R0.00,R�,R0,0,3,Tshwane Fresh Produce Market (PRE)
RASPBERRY,NO VARIETY,NOT GRADED,NO SIZE,DOUBBLE LAYER TRAY,7.00 kg,R0.00,R0.00,R0.00,R�,R0,0,3,Tshwane Fresh Produce Market (PRE)
RASPBERRY,NO VARIETY,NOT GRADED,NO SIZE,DOUBBLE LAYER TRAY,7.00 kg,R0.00,R0.00,R0.00,R�,R0,0,3,Tshwane Fresh Produce Market (PRE)
RASPBERRY,NO VARIETY,NOT GRADED,NO SIZE,DOUBBLE LAYER TRAY,7.00 kg,R0.00,R0.00,R0.00,R�,R0,0,3,Tshwane Fresh Produce Market (PRE)
RASPBERRY,NO VARIETY,NOT GRADED,NO SIZE,DOUBBLE LAYER TRAY,7.00 kg,R0.00,R0.00,R0.00,R�,R0,0,3,Tshwane Fresh Produce Market (PRE)
RASPBERRY,NO VARIETY,NOT GRADED,NO SIZE,DOUBBLE LAYER TRAY,7.00 kg,R0.00,R0.00,R0.00,R�,R0,0,3,Tshwane Fresh Produce Market (PRE)
RASPBERRY,NO VARIETY,NOT GRADED,NO SIZE,DOUBBLE LAYER TRAY,7.00 kg,R0.00,R0.00,R0.00,R�,R0,0,3,Tshwane Fresh Produce Market (PRE)
RASPBERRY,NO VARIETY,NOT GRADED,NO SIZE,DOUBBLE LAYER TRAY,7.00 kg,R0.00,R0.00,R0.00,R�,R0,0,3,Tshwane Fresh Produce Market (PRE)
RASPBERRY,NO VARIETY,NOT GRADED,NO SIZE,DOUBBLE LAYER TRAY,7.00 kg,R0.00,R0.00,R0.00,R�,R0,0,3,Tshwane Fresh Produce Market (PRE)
RASPBERRY,NO VARIETY,NOT GRADED,NO SIZE,DOUBBLE LAYER TRAY,7.00 kg,R0.00,R0.00,R0.00,R�,R0,0,3,Tshwane Fresh Produce Market (PRE)
RASPBERRY,NO VARIETY,NOT GRADED,NO SIZE,DOUBBLE LAYER TRAY,7.00 kg,R0.00,R0.00,R0.00,R�,R0,0,3,Tshwane Fresh Produce Market (PRE)
RASPBERRY,NO VARIETY,NOT GRADED,NO SIZE,DOUBBLE LAYER TRAY,7.00 kg,R0.00,R0.00,R0.00,R�,R0,0,4,Tshwane Fresh Produce Market (PRE)
RASPBERRY,NO VARIETY,NOT GRADED,NO SIZE,DOUBBLE LAYER TRAY,7.00 kg,R0.00,R0.00,R0.00,R�,R0,0,4,Tshwane Fresh Produce Market (PRE)
RASPBERRY,NO VARIETY,NOT GRADED,NO SIZE,DOUBBLE LAYER TRAY,7.00 kg,R0.00,R0.00,R0.00,R�,R0,0,4,Tshwane Fresh Produce Market (PRE)
RASPBERRY,NO VARIETY,NOT GRADED,NO SIZE,DOUBBLE LAYER TRAY,7.00 kg,R0.00,R0.00,R0.00,R�,R0,0,4,Tshwane Fresh Produce Market (PRE)
RASPBERRY,NO VARIETY,NOT GRADED,NO SIZE,DOUBBLE LAYER TRAY,7.00 kg,R0.00,R0.00,R0.00,R�,R0,0,4,Tshwane Fresh Produce Market (PRE)
RASPBERRY,NO VARIETY,NOT GRADED,NO SIZE,DOUBBLE LAYER TRAY,7.00 kg,R180.00,R180.00,R180.00,R180.00,R8460,47,4,Tshwane Fresh Produce Market (PRE)
RASPBERRY,NO VARIETY,NOT GRADED,NO SIZE,DOUBBLE LAYER TRAY,7.00 kg,R0.00,R0.00,R0.00,R�,R0,0,2,Tshwane Fresh Produce Market (PRE)
RASPBERRY,NO VARIETY,NOT GRADED,NO SIZE,DOUBBLE LAYER TRAY,7.00 kg,R0.00,R0.00,R0.00,R�,R0,0,2,Tshwane Fresh Produce Market (PRE)
RASPBERRY,NO VARIETY,NOT GRADED,NO SIZE,DOUBBLE LAYER TRAY,7.00 kg,R140.00,R180.00,R120.00,R140.00,R420,3,2,Tshwane Fresh Produce Market (PRE)
RASPBERRY,NO VARIETY,NOT GRADED,NO SIZE,DOUBBLE LAYER TRAY,7.00 kg,R180.00,R180.00,R180.00,R180.00,R720,4,5,Tshwane Fresh Produce Market (PRE)
RASPBERRY,NO VARIETY,NOT GRADED,NO SIZE,DOUBBLE LAYER TRAY,7.00 kg,R180.00,R180.00,R180.00,R180.00,R6480,36,0,Tshwane Fresh Produce Market (PRE)
RASPBERRY,NO VARIETY,NOT GRADED,NO SIZE,DOUBBLE LAYER TRAY,7.00 kg,R176.65,R180.00,R156.00,R176.65,R15192,86,36,Tshwane Fresh Produce Market (PRE)
RASPBERRY,NO VARIETY,NOT GRADED,NO SIZE,DOUBBLE LAYER TRAY,7.00 kg,R176.65,R180.00,R156.00,R176.65,R15192,86,36,Tshwane Fresh Produce Market (PRE)
RASPBERRY,NO VARIETY,NOT GRADED,NO SIZE,DOUBBLE LAYER TRAY,7.00 kg,R152.75,R180.00,R120.00,R152.75,R9318,61,39,Tshwane Fresh Produce Market (PRE)
RASPBERRY,NO VARIETY,NOT GRADED,NO SIZE,STANDARD TRAY,4.00 kg,R120.00,R120.00,R120.00,R120.00,R3000,25,106,Tshwane Fresh Produce Market (PRE)
RASPBERRY,NO VARIETY,NOT GRADED,NO SIZE,STANDARD TRAY,4.00 kg,R120.00,R120.00,R120.00,R120.00,R3000,25,106,Tshwane Fresh Produce Market (PRE)
RASPBERRY,NO VARIETY,NOT GRADED,NO SIZE,DOUBBLE LAYER TRAY,7.00 kg,R152.75,R180.00,R120.00,R152.75,R9318,61,39,Tshwane Fresh Produce Market (PRE)
RASPBERRY,NO VARIETY,NOT GRADED,NO SIZE,DOUBBLE LAYER TRAY,7.00 kg,R152.75,R180.00,R120.00,R152.75,R9318,61,39,Tshwane Fresh Produce Market (PRE)
RASPBERRY,NO VARIETY,NOT GRADED,NO SIZE,STANDARD TRAY,4.00 kg,R120.00,R120.00,R120.00,R120.00,R3000,25,106,Tshwane Fresh Produce Market (PRE)
RASPBERRY,NO VARIETY,NOT GRADED,NO SIZE,STANDARD TRAY,4.00 kg,R157.66,R216.00,R96.00,R157.67,R5676,36,131,Tshwane Fresh Produce Market (PRE)
RASPBERRY,NO VARIETY,NOT GRADED,NO SIZE,DOUBBLE LAYER TRAY,7.00 kg,R11.41,R120.00,R10.00,R11.41,R890,78,0,Tshwane Fresh Produce Market (PRE)
RASPBERRY,NO VARIETY,NOT GRADED,NO SIZE,DOUBBLE LAYER TRAY,7.00 kg,R96.00,R96.00,R96.00,R96.00,R576,6,78,Tshwane Fresh Produce Market (PRE)
RASPBERRY,NO VARIETY,NOT GRADED,NO SIZE,DOUBBLE LAYER TRAY,7.00 kg,R140.00,R144.00,R120.00,R140.00,R840,6,84,Tshwane Fresh Produce Market (PRE)
